{"metrics": {"latency": 3.76889705657959, "throughput": 0.06013397951982813, "cpu_usage": 38.1, "memory_usage": 430.859375}}