{
  "metrics": {
    "latency": 0.5135941505432129,
    "throughput": 0.2042993667958001,
    "cpu_usage": 22.7,
    "memory_usage": 409.0625,
    "total_requests": 1,
    "failed_requests": 0,
    "success_rate": 1.0
  }
}